-- phpMyAdmin SQL Dump
-- version 5.2.0
-- https://www.phpmyadmin.net/
--
-- Host: 127.0.0.1
-- Waktu pembuatan: 02 Mar 2024 pada 03.54
-- Versi server: 10.4.24-MariaDB
-- Versi PHP: 7.4.29

SET SQL_MODE = "NO_AUTO_VALUE_ON_ZERO";
START TRANSACTION;
SET time_zone = "+00:00";


/*!40101 SET @OLD_CHARACTER_SET_CLIENT=@@CHARACTER_SET_CLIENT */;
/*!40101 SET @OLD_CHARACTER_SET_RESULTS=@@CHARACTER_SET_RESULTS */;
/*!40101 SET @OLD_COLLATION_CONNECTION=@@COLLATION_CONNECTION */;
/*!40101 SET NAMES utf8mb4 */;

--
-- Database: `tugas_cloud_1`
--

-- --------------------------------------------------------

--
-- Struktur dari tabel `failed_jobs`
--

CREATE TABLE `failed_jobs` (
  `id` bigint(20) UNSIGNED NOT NULL,
  `uuid` varchar(255) COLLATE utf8mb4_unicode_ci NOT NULL,
  `connection` text COLLATE utf8mb4_unicode_ci NOT NULL,
  `queue` text COLLATE utf8mb4_unicode_ci NOT NULL,
  `payload` longtext COLLATE utf8mb4_unicode_ci NOT NULL,
  `exception` longtext COLLATE utf8mb4_unicode_ci NOT NULL,
  `failed_at` timestamp NOT NULL DEFAULT current_timestamp()
) ENGINE=InnoDB DEFAULT CHARSET=utf8mb4 COLLATE=utf8mb4_unicode_ci;

-- --------------------------------------------------------

--
-- Struktur dari tabel `khs`
--

CREATE TABLE `khs` (
  `nim` varchar(20) NOT NULL,
  `kode` varchar(20) NOT NULL,
  `nilai` int(11) NOT NULL,
  `created_at` timestamp NOT NULL DEFAULT current_timestamp(),
  `updated_at` timestamp NULL DEFAULT NULL,
  `deleted_at` timestamp NULL DEFAULT NULL
) ENGINE=InnoDB DEFAULT CHARSET=utf8mb4;

--
-- Dumping data untuk tabel `khs`
--

INSERT INTO `khs` (`nim`, `kode`, `nilai`, `created_at`, `updated_at`, `deleted_at`) VALUES
('M0521001', 'ABC123', 77, '2024-03-02 02:19:45', '2024-03-01 19:39:45', NULL),
('M0521001', 'DEF987', 97, '2024-03-02 02:19:44', NULL, NULL),
('M0521001', 'GHI654', 92, '2024-03-02 02:19:45', NULL, NULL),
('M0521001', 'HJK852', 97, '2024-03-02 02:19:43', NULL, NULL),
('M0521001', 'IJK741', 73, '2024-03-02 02:19:44', NULL, NULL),
('M0521001', 'LMN258', 88, '2024-03-02 02:19:44', NULL, NULL),
('M0521001', 'MNO321', 92, '2024-03-02 02:19:45', NULL, NULL),
('M0521001', 'PQR456', 95, '2024-03-02 02:19:43', NULL, NULL),
('M0521001', 'QRS147', 98, '2024-03-02 02:19:45', NULL, NULL),
('M0521001', 'STU753', 50, '2024-03-02 02:19:44', NULL, NULL),
('M0521001', 'TUV963', 53, '2024-03-02 02:19:44', NULL, NULL),
('M0521001', 'VWX852', 93, '2024-03-02 02:19:44', NULL, NULL),
('M0521001', 'XYZ789', 71, '2024-03-02 02:19:45', NULL, NULL),
('M0521002', 'DEF987', 58, '2024-03-02 02:19:44', NULL, NULL),
('M0521002', 'HJK852', 61, '2024-03-02 02:19:45', NULL, NULL),
('M0521002', 'IJK741', 55, '2024-03-02 02:19:44', NULL, NULL),
('M0521002', 'JKL246', 82, '2024-03-02 02:19:45', NULL, NULL),
('M0521002', 'LMN258', 62, '2024-03-02 02:19:44', NULL, NULL),
('M0521002', 'MNO321', 84, '2024-03-02 02:19:44', NULL, NULL),
('M0521002', 'NOP369', 66, '2024-03-02 02:19:44', NULL, NULL),
('M0521002', 'PQR456', 63, '2024-03-02 02:19:44', NULL, NULL),
('M0521002', 'STU753', 97, '2024-03-02 02:19:44', NULL, NULL),
('M0521002', 'TUV963', 68, '2024-03-02 02:19:44', NULL, NULL),
('M0521002', 'VWX852', 71, '2024-03-02 02:19:44', NULL, NULL),
('M0521002', 'XYZ789', 84, '2024-03-02 02:19:44', NULL, NULL),
('M0521003', 'ABC123', 94, '2024-03-02 02:19:44', NULL, NULL),
('M0521003', 'DEF987', 63, '2024-03-02 02:19:44', NULL, NULL),
('M0521003', 'GHI654', 90, '2024-03-02 02:19:45', NULL, NULL),
('M0521003', 'IJK741', 85, '2024-03-02 02:19:44', NULL, NULL),
('M0521003', 'JKL246', 70, '2024-03-02 02:19:43', NULL, NULL),
('M0521003', 'LMN258', 60, '2024-03-02 02:19:45', NULL, NULL),
('M0521003', 'PQR456', 66, '2024-03-02 02:19:45', NULL, NULL),
('M0521003', 'QRS147', 91, '2024-03-02 02:19:44', NULL, NULL),
('M0521003', 'STU753', 98, '2024-03-02 02:19:44', NULL, NULL),
('M0521003', 'TUV963', 66, '2024-03-02 02:19:45', NULL, NULL),
('M0521003', 'VWX852', 71, '2024-03-02 02:19:45', NULL, NULL),
('M0521003', 'XYZ789', 78, '2024-03-02 02:19:44', NULL, NULL),
('M0521004', 'ABC123', 55, '2024-03-02 02:19:45', NULL, NULL),
('M0521004', 'GHI654', 72, '2024-03-02 02:19:44', NULL, NULL),
('M0521004', 'IJK741', 70, '2024-03-02 02:19:44', NULL, NULL),
('M0521004', 'JKL246', 87, '2024-03-02 02:19:44', NULL, NULL),
('M0521004', 'LMN258', 100, '2024-03-02 02:19:45', '2024-03-01 19:39:37', NULL),
('M0521004', 'MNO321', 98, '2024-03-02 02:19:45', NULL, NULL),
('M0521004', 'NOP369', 89, '2024-03-02 02:19:45', NULL, NULL),
('M0521004', 'PQR456', 78, '2024-03-02 02:19:45', NULL, NULL),
('M0521004', 'QRS147', 68, '2024-03-02 02:19:44', NULL, NULL),
('M0521004', 'STU753', 56, '2024-03-02 02:19:44', NULL, NULL),
('M0521004', 'TUV963', 88, '2024-03-02 02:19:45', NULL, NULL),
('M0521004', 'VWX852', 59, '2024-03-02 02:19:45', NULL, NULL),
('M0521005', 'ABC123', 54, '2024-03-02 02:19:45', NULL, NULL),
('M0521005', 'DEF987', 69, '2024-03-02 02:19:44', NULL, NULL),
('M0521005', 'GHI654', 69, '2024-03-02 02:19:44', NULL, NULL),
('M0521005', 'HJK852', 80, '2024-03-02 02:19:43', NULL, NULL),
('M0521005', 'IJK741', 80, '2024-03-02 02:19:45', NULL, NULL),
('M0521005', 'LMN258', 72, '2024-03-02 02:19:43', NULL, NULL),
('M0521005', 'MNO321', 64, '2024-03-02 02:19:45', NULL, NULL),
('M0521005', 'NOP369', 75, '2024-03-02 02:19:45', NULL, NULL),
('M0521005', 'QRS147', 80, '2024-03-02 02:19:44', NULL, NULL),
('M0521005', 'STU753', 73, '2024-03-02 02:19:44', NULL, NULL),
('M0521005', 'TUV963', 94, '2024-03-02 02:19:45', NULL, NULL),
('M0521005', 'VWX852', 71, '2024-03-02 02:19:44', NULL, NULL),
('M0521005', 'XYZ789', 61, '2024-03-02 02:19:45', NULL, NULL),
('M0521006', 'ABC123', 69, '2024-03-02 02:19:43', NULL, NULL),
('M0521006', 'DEF987', 58, '2024-03-02 02:19:45', NULL, NULL),
('M0521006', 'GHI654', 88, '2024-03-02 02:19:44', NULL, NULL),
('M0521006', 'HJK852', 65, '2024-03-02 02:19:45', NULL, NULL),
('M0521006', 'JKL246', 98, '2024-03-02 02:19:45', NULL, NULL),
('M0521006', 'LMN258', 59, '2024-03-02 02:19:44', NULL, NULL),
('M0521006', 'NOP369', 79, '2024-03-02 02:19:44', NULL, NULL),
('M0521006', 'PQR456', 96, '2024-03-02 02:19:44', NULL, NULL),
('M0521006', 'QRS147', 69, '2024-03-02 02:19:44', NULL, NULL),
('M0521006', 'STU753', 100, '2024-03-02 02:19:43', NULL, NULL),
('M0521006', 'TUV963', 88, '2024-03-02 02:19:45', NULL, NULL),
('M0521006', 'XYZ789', 85, '2024-03-02 02:19:44', NULL, NULL),
('M0521007', 'ABC123', 87, '2024-03-02 02:19:44', NULL, NULL),
('M0521007', 'DEF987', 60, '2024-03-02 02:19:44', NULL, NULL),
('M0521007', 'GHI654', 73, '2024-03-02 02:19:44', NULL, NULL),
('M0521007', 'HJK852', 59, '2024-03-02 02:19:44', NULL, NULL),
('M0521007', 'IJK741', 55, '2024-03-02 02:19:44', NULL, NULL),
('M0521007', 'JKL246', 56, '2024-03-02 02:19:43', NULL, NULL),
('M0521007', 'LMN258', 90, '2024-03-02 02:19:44', NULL, NULL),
('M0521007', 'MNO321', 91, '2024-03-02 02:19:45', NULL, NULL),
('M0521007', 'NOP369', 91, '2024-03-02 02:19:43', NULL, NULL),
('M0521007', 'PQR456', 94, '2024-03-02 02:19:44', NULL, NULL),
('M0521007', 'QRS147', 75, '2024-03-02 02:19:44', NULL, NULL),
('M0521007', 'STU753', 52, '2024-03-02 02:19:44', NULL, NULL),
('M0521007', 'TUV963', 96, '2024-03-02 02:19:45', NULL, NULL),
('M0521007', 'VWX852', 73, '2024-03-02 02:19:45', NULL, NULL),
('M0521007', 'XYZ789', 69, '2024-03-02 02:19:45', NULL, NULL),
('M0521008', 'ABC123', 59, '2024-03-02 02:19:44', NULL, NULL),
('M0521008', 'DEF987', 90, '2024-03-02 02:19:44', NULL, NULL),
('M0521008', 'GHI654', 52, '2024-03-02 02:19:45', NULL, NULL),
('M0521008', 'HJK852', 85, '2024-03-02 02:19:45', NULL, NULL),
('M0521008', 'JKL246', 100, '2024-03-02 02:19:44', NULL, NULL),
('M0521008', 'MNO321', 99, '2024-03-02 02:19:44', NULL, NULL),
('M0521008', 'NOP369', 75, '2024-03-02 02:19:45', NULL, NULL),
('M0521008', 'PQR456', 83, '2024-03-02 02:19:45', NULL, NULL),
('M0521008', 'QRS147', 66, '2024-03-02 02:19:45', NULL, NULL),
('M0521008', 'STU753', 60, '2024-03-02 02:19:44', NULL, NULL),
('M0521008', 'TUV963', 97, '2024-03-02 02:19:44', NULL, NULL),
('M0521008', 'XYZ789', 91, '2024-03-02 02:19:44', NULL, NULL),
('M0521009', 'ABC123', 72, '2024-03-02 02:19:45', NULL, NULL),
('M0521009', 'DEF987', 70, '2024-03-02 02:19:43', NULL, NULL),
('M0521009', 'GHI654', 69, '2024-03-02 02:19:44', NULL, NULL),
('M0521009', 'HJK852', 52, '2024-03-02 02:19:44', NULL, NULL),
('M0521009', 'IJK741', 61, '2024-03-02 02:19:45', NULL, NULL),
('M0521009', 'JKL246', 89, '2024-03-02 02:19:44', NULL, NULL),
('M0521009', 'LMN258', 83, '2024-03-02 02:19:44', NULL, NULL),
('M0521009', 'MNO321', 99, '2024-03-02 02:19:44', NULL, NULL),
('M0521009', 'NOP369', 60, '2024-03-02 02:19:44', NULL, NULL),
('M0521009', 'PQR456', 70, '2024-03-02 02:19:45', NULL, NULL),
('M0521009', 'QRS147', 75, '2024-03-02 02:19:44', NULL, NULL),
('M0521009', 'TUV963', 66, '2024-03-02 02:19:44', NULL, NULL),
('M0521009', 'VWX852', 77, '2024-03-02 02:19:44', NULL, NULL),
('M0521009', 'XYZ789', 78, '2024-03-02 02:19:45', NULL, NULL),
('M0521010', 'ABC123', 53, '2024-03-02 02:19:44', NULL, NULL),
('M0521010', 'DEF987', 70, '2024-03-02 02:19:44', NULL, NULL),
('M0521010', 'GHI654', 67, '2024-03-02 02:19:44', NULL, NULL),
('M0521010', 'HJK852', 80, '2024-03-02 02:19:44', NULL, NULL),
('M0521010', 'IJK741', 52, '2024-03-02 02:19:43', NULL, NULL),
('M0521010', 'JKL246', 95, '2024-03-02 02:19:44', NULL, NULL),
('M0521010', 'LMN258', 74, '2024-03-02 02:19:44', NULL, NULL),
('M0521010', 'MNO321', 76, '2024-03-02 02:19:45', NULL, NULL),
('M0521010', 'NOP369', 53, '2024-03-02 02:19:45', NULL, NULL),
('M0521010', 'PQR456', 77, '2024-03-02 02:19:44', NULL, NULL),
('M0521010', 'QRS147', 77, '2024-03-02 02:19:45', NULL, NULL),
('M0521010', 'STU753', 82, '2024-03-02 02:19:44', NULL, NULL),
('M0521010', 'TUV963', 90, '2024-03-02 02:19:44', NULL, NULL),
('M0521010', 'VWX852', 99, '2024-03-02 02:19:45', NULL, NULL),
('M0521010', 'XYZ789', 59, '2024-03-02 02:19:44', NULL, NULL),
('M0521011', 'ABC123', 62, '2024-03-02 02:19:44', NULL, NULL),
('M0521011', 'DEF987', 91, '2024-03-02 02:19:45', NULL, NULL),
('M0521011', 'GHI654', 54, '2024-03-02 02:19:44', NULL, NULL),
('M0521011', 'HJK852', 52, '2024-03-02 02:19:45', NULL, NULL),
('M0521011', 'IJK741', 85, '2024-03-02 02:19:44', NULL, NULL),
('M0521011', 'JKL246', 83, '2024-03-02 02:19:45', NULL, NULL),
('M0521011', 'LMN258', 97, '2024-03-02 02:19:44', NULL, NULL),
('M0521011', 'MNO321', 99, '2024-03-02 02:19:44', NULL, NULL),
('M0521011', 'NOP369', 84, '2024-03-02 02:19:44', NULL, NULL),
('M0521011', 'PQR456', 59, '2024-03-02 02:19:44', NULL, NULL),
('M0521011', 'QRS147', 63, '2024-03-02 02:19:44', NULL, NULL),
('M0521011', 'STU753', 74, '2024-03-02 02:19:45', NULL, NULL),
('M0521011', 'TUV963', 80, '2024-03-02 02:19:44', NULL, NULL),
('M0521011', 'VWX852', 78, '2024-03-02 02:19:45', NULL, NULL),
('M0521011', 'XYZ789', 64, '2024-03-02 02:19:44', NULL, NULL),
('M0521012', 'ABC123', 54, '2024-03-02 02:19:45', NULL, NULL),
('M0521012', 'DEF987', 83, '2024-03-02 02:19:44', NULL, NULL),
('M0521012', 'GHI654', 100, '2024-03-02 02:19:44', NULL, NULL),
('M0521012', 'HJK852', 60, '2024-03-02 02:19:44', NULL, NULL),
('M0521012', 'IJK741', 51, '2024-03-02 02:19:45', NULL, NULL),
('M0521012', 'JKL246', 75, '2024-03-02 02:19:44', NULL, NULL),
('M0521012', 'LMN258', 60, '2024-03-02 02:19:44', NULL, NULL),
('M0521012', 'MNO321', 85, '2024-03-02 02:19:45', NULL, NULL),
('M0521012', 'PQR456', 62, '2024-03-02 02:19:44', NULL, NULL),
('M0521012', 'QRS147', 89, '2024-03-02 02:19:44', NULL, NULL),
('M0521012', 'STU753', 77, '2024-03-02 02:19:44', NULL, NULL),
('M0521012', 'VWX852', 59, '2024-03-02 02:19:44', NULL, NULL),
('M0521012', 'XYZ789', 66, '2024-03-02 02:19:44', NULL, NULL),
('M0521013', 'ABC123', 88, '2024-03-02 02:19:45', NULL, NULL),
('M0521013', 'DEF987', 67, '2024-03-02 02:19:44', NULL, NULL),
('M0521013', 'GHI654', 66, '2024-03-02 02:19:45', NULL, NULL),
('M0521013', 'HJK852', 99, '2024-03-02 02:19:43', NULL, NULL),
('M0521013', 'IJK741', 85, '2024-03-02 02:19:44', NULL, NULL),
('M0521013', 'JKL246', 81, '2024-03-02 02:19:44', NULL, NULL),
('M0521013', 'LMN258', 97, '2024-03-02 02:19:44', NULL, NULL),
('M0521013', 'MNO321', 77, '2024-03-02 02:19:44', NULL, NULL),
('M0521013', 'NOP369', 94, '2024-03-02 02:19:44', NULL, NULL),
('M0521013', 'PQR456', 100, '2024-03-02 02:19:44', NULL, NULL),
('M0521013', 'QRS147', 83, '2024-03-02 02:19:44', NULL, NULL),
('M0521013', 'STU753', 56, '2024-03-02 02:19:44', NULL, NULL),
('M0521013', 'TUV963', 73, '2024-03-02 02:19:43', NULL, NULL),
('M0521013', 'VWX852', 64, '2024-03-02 02:19:45', NULL, NULL),
('M0521013', 'XYZ789', 54, '2024-03-02 02:19:44', NULL, NULL),
('M0521014', 'ABC123', 50, '2024-03-02 02:19:44', NULL, NULL),
('M0521014', 'DEF987', 90, '2024-03-02 02:19:44', NULL, NULL),
('M0521014', 'HJK852', 90, '2024-03-02 02:19:45', NULL, NULL),
('M0521014', 'IJK741', 66, '2024-03-02 02:19:45', NULL, NULL),
('M0521014', 'JKL246', 98, '2024-03-02 02:19:43', NULL, NULL),
('M0521014', 'LMN258', 65, '2024-03-02 02:19:44', NULL, NULL),
('M0521014', 'MNO321', 67, '2024-03-02 02:19:44', NULL, NULL),
('M0521014', 'NOP369', 51, '2024-03-02 02:19:43', NULL, NULL),
('M0521014', 'PQR456', 84, '2024-03-02 02:19:44', NULL, NULL),
('M0521014', 'QRS147', 95, '2024-03-02 02:19:45', NULL, NULL),
('M0521014', 'STU753', 90, '2024-03-02 02:19:44', NULL, NULL),
('M0521014', 'TUV963', 68, '2024-03-02 02:19:44', NULL, NULL),
('M0521014', 'VWX852', 77, '2024-03-02 02:19:44', NULL, NULL),
('M0521014', 'XYZ789', 82, '2024-03-02 02:19:45', NULL, NULL),
('M0521015', 'ABC123', 71, '2024-03-02 02:19:45', NULL, NULL),
('M0521015', 'DEF987', 82, '2024-03-02 02:19:44', NULL, NULL),
('M0521015', 'GHI654', 96, '2024-03-02 02:19:44', NULL, NULL),
('M0521015', 'HJK852', 78, '2024-03-02 02:19:44', NULL, NULL),
('M0521015', 'IJK741', 73, '2024-03-02 02:19:44', NULL, NULL),
('M0521015', 'JKL246', 100, '2024-03-02 02:19:44', NULL, NULL),
('M0521015', 'LMN258', 75, '2024-03-02 02:19:43', NULL, NULL),
('M0521015', 'MNO321', 76, '2024-03-02 02:19:44', NULL, NULL),
('M0521015', 'NOP369', 95, '2024-03-02 02:19:45', NULL, NULL),
('M0521015', 'PQR456', 66, '2024-03-02 02:19:44', NULL, NULL),
('M0521015', 'QRS147', 69, '2024-03-02 02:19:45', NULL, NULL),
('M0521015', 'STU753', 84, '2024-03-02 02:19:43', NULL, NULL),
('M0521015', 'TUV963', 88, '2024-03-02 02:19:43', NULL, NULL),
('M0521015', 'XYZ789', 81, '2024-03-02 02:19:43', NULL, NULL),
('M0521016', 'ABC123', 89, '2024-03-02 02:19:44', NULL, NULL),
('M0521016', 'DEF987', 55, '2024-03-02 02:19:44', NULL, NULL),
('M0521016', 'GHI654', 89, '2024-03-02 02:19:44', NULL, NULL),
('M0521016', 'HJK852', 51, '2024-03-02 02:19:44', NULL, NULL),
('M0521016', 'IJK741', 57, '2024-03-02 02:19:44', NULL, NULL),
('M0521016', 'JKL246', 77, '2024-03-02 02:19:45', NULL, NULL),
('M0521016', 'LMN258', 82, '2024-03-02 02:19:43', NULL, NULL),
('M0521016', 'NOP369', 52, '2024-03-02 02:19:43', NULL, NULL),
('M0521016', 'PQR456', 69, '2024-03-02 02:19:44', NULL, NULL),
('M0521016', 'QRS147', 63, '2024-03-02 02:19:44', NULL, NULL),
('M0521016', 'STU753', 56, '2024-03-02 02:19:45', NULL, NULL),
('M0521016', 'TUV963', 50, '2024-03-02 02:19:44', NULL, NULL),
('M0521016', 'VWX852', 53, '2024-03-02 02:19:44', NULL, NULL),
('M0521016', 'XYZ789', 88, '2024-03-02 02:19:45', NULL, NULL),
('M0521017', 'ABC123', 76, '2024-03-02 02:19:44', NULL, NULL),
('M0521017', 'DEF987', 74, '2024-03-02 02:19:45', NULL, NULL),
('M0521017', 'GHI654', 74, '2024-03-02 02:19:44', NULL, NULL),
('M0521017', 'HJK852', 95, '2024-03-02 02:19:43', NULL, NULL),
('M0521017', 'IJK741', 71, '2024-03-02 02:19:45', NULL, NULL),
('M0521017', 'JKL246', 82, '2024-03-02 02:19:44', NULL, NULL),
('M0521017', 'LMN258', 89, '2024-03-02 02:19:45', NULL, NULL),
('M0521017', 'MNO321', 100, '2024-03-02 02:19:44', NULL, NULL),
('M0521017', 'NOP369', 57, '2024-03-02 02:19:44', NULL, NULL),
('M0521017', 'PQR456', 90, '2024-03-02 02:19:45', NULL, NULL),
('M0521017', 'QRS147', 71, '2024-03-02 02:19:44', NULL, NULL),
('M0521017', 'STU753', 92, '2024-03-02 02:19:44', NULL, NULL),
('M0521017', 'TUV963', 100, '2024-03-02 02:19:45', NULL, NULL),
('M0521017', 'VWX852', 70, '2024-03-02 02:19:44', NULL, NULL),
('M0521017', 'XYZ789', 89, '2024-03-02 02:19:44', NULL, NULL),
('M0521018', 'DEF987', 72, '2024-03-02 02:19:45', NULL, NULL),
('M0521018', 'GHI654', 100, '2024-03-02 02:19:44', NULL, NULL),
('M0521018', 'HJK852', 63, '2024-03-02 02:19:45', NULL, NULL),
('M0521018', 'IJK741', 95, '2024-03-02 02:19:45', NULL, NULL),
('M0521018', 'JKL246', 53, '2024-03-02 02:19:44', NULL, NULL),
('M0521018', 'LMN258', 74, '2024-03-02 02:19:45', NULL, NULL),
('M0521018', 'MNO321', 77, '2024-03-02 02:19:43', NULL, NULL),
('M0521018', 'PQR456', 77, '2024-03-02 02:19:44', NULL, NULL),
('M0521018', 'QRS147', 64, '2024-03-02 02:19:45', NULL, NULL),
('M0521018', 'STU753', 58, '2024-03-02 02:19:44', NULL, NULL),
('M0521018', 'TUV963', 73, '2024-03-02 02:19:45', NULL, NULL),
('M0521018', 'VWX852', 50, '2024-03-02 02:19:44', NULL, NULL),
('M0521018', 'XYZ789', 61, '2024-03-02 02:19:44', NULL, NULL),
('M0521019', 'ABC123', 93, '2024-03-02 02:19:45', NULL, NULL),
('M0521019', 'DEF987', 97, '2024-03-02 02:19:45', NULL, NULL),
('M0521019', 'GHI654', 93, '2024-03-02 02:19:44', NULL, NULL),
('M0521019', 'HJK852', 61, '2024-03-02 02:19:44', NULL, NULL),
('M0521019', 'IJK741', 98, '2024-03-02 02:19:44', NULL, NULL),
('M0521019', 'JKL246', 61, '2024-03-02 02:19:44', NULL, NULL),
('M0521019', 'LMN258', 64, '2024-03-02 02:19:44', NULL, NULL),
('M0521019', 'PQR456', 75, '2024-03-02 02:19:44', NULL, NULL),
('M0521019', 'QRS147', 92, '2024-03-02 02:19:45', NULL, NULL),
('M0521019', 'STU753', 85, '2024-03-02 02:19:44', NULL, NULL),
('M0521019', 'TUV963', 60, '2024-03-02 02:19:45', NULL, NULL),
('M0521019', 'VWX852', 94, '2024-03-02 02:19:45', NULL, NULL),
('M0521019', 'XYZ789', 99, '2024-03-02 02:19:44', NULL, NULL),
('M0521020', 'ABC123', 57, '2024-03-02 02:19:45', NULL, NULL),
('M0521020', 'GHI654', 89, '2024-03-02 02:19:44', NULL, NULL),
('M0521020', 'HJK852', 92, '2024-03-02 02:19:45', NULL, NULL),
('M0521020', 'IJK741', 75, '2024-03-02 02:19:44', NULL, NULL),
('M0521020', 'JKL246', 86, '2024-03-02 02:19:44', NULL, NULL),
('M0521020', 'LMN258', 56, '2024-03-02 02:19:44', NULL, NULL),
('M0521020', 'MNO321', 56, '2024-03-02 02:19:44', NULL, NULL),
('M0521020', 'NOP369', 77, '2024-03-02 02:19:44', NULL, NULL),
('M0521020', 'PQR456', 60, '2024-03-02 02:19:45', NULL, NULL),
('M0521020', 'QRS147', 93, '2024-03-02 02:19:45', NULL, NULL),
('M0521020', 'XYZ789', 58, '2024-03-02 02:19:44', NULL, NULL),
('M0521021', 'ABC123', 75, '2024-03-02 02:19:45', NULL, NULL),
('M0521021', 'DEF987', 51, '2024-03-02 02:19:44', NULL, NULL),
('M0521021', 'GHI654', 77, '2024-03-02 02:19:45', NULL, NULL),
('M0521021', 'HJK852', 50, '2024-03-02 02:19:44', NULL, NULL),
('M0521021', 'IJK741', 97, '2024-03-02 02:19:44', NULL, NULL),
('M0521021', 'JKL246', 82, '2024-03-02 02:19:45', NULL, NULL),
('M0521021', 'LMN258', 92, '2024-03-02 02:19:45', NULL, NULL),
('M0521021', 'MNO321', 75, '2024-03-02 02:19:45', NULL, NULL),
('M0521021', 'NOP369', 93, '2024-03-02 02:19:44', NULL, NULL),
('M0521021', 'PQR456', 68, '2024-03-02 02:19:44', NULL, NULL),
('M0521021', 'QRS147', 54, '2024-03-02 02:19:45', NULL, NULL),
('M0521021', 'STU753', 77, '2024-03-02 02:19:45', NULL, NULL),
('M0521021', 'TUV963', 61, '2024-03-02 02:19:45', NULL, NULL),
('M0521021', 'VWX852', 89, '2024-03-02 02:19:44', NULL, NULL),
('M0521021', 'XYZ789', 80, '2024-03-02 02:19:45', NULL, NULL),
('M0521022', 'ABC123', 68, '2024-03-02 02:19:45', NULL, NULL),
('M0521022', 'DEF987', 82, '2024-03-02 02:19:44', NULL, NULL),
('M0521022', 'GHI654', 64, '2024-03-02 02:19:44', NULL, NULL),
('M0521022', 'HJK852', 51, '2024-03-02 02:19:44', NULL, NULL),
('M0521022', 'IJK741', 70, '2024-03-02 02:19:44', NULL, NULL),
('M0521022', 'JKL246', 75, '2024-03-02 02:19:44', NULL, NULL),
('M0521022', 'LMN258', 52, '2024-03-02 02:19:44', NULL, NULL),
('M0521022', 'MNO321', 75, '2024-03-02 02:19:45', NULL, NULL),
('M0521022', 'NOP369', 53, '2024-03-02 02:19:44', NULL, NULL),
('M0521022', 'PQR456', 60, '2024-03-02 02:19:44', NULL, NULL),
('M0521022', 'QRS147', 92, '2024-03-02 02:19:44', NULL, NULL),
('M0521022', 'STU753', 75, '2024-03-02 02:19:45', NULL, NULL),
('M0521022', 'TUV963', 67, '2024-03-02 02:19:43', NULL, NULL),
('M0521022', 'VWX852', 73, '2024-03-02 02:19:44', NULL, NULL),
('M0521023', 'ABC123', 78, '2024-03-02 02:19:44', NULL, NULL),
('M0521023', 'DEF987', 86, '2024-03-02 02:19:44', NULL, NULL),
('M0521023', 'GHI654', 93, '2024-03-02 02:19:44', NULL, NULL),
('M0521023', 'HJK852', 55, '2024-03-02 02:19:43', NULL, NULL),
('M0521023', 'IJK741', 99, '2024-03-02 02:19:44', NULL, NULL),
('M0521023', 'JKL246', 97, '2024-03-02 02:19:45', NULL, NULL),
('M0521023', 'LMN258', 91, '2024-03-02 02:19:45', NULL, NULL),
('M0521023', 'MNO321', 96, '2024-03-02 02:19:44', NULL, NULL),
('M0521023', 'NOP369', 93, '2024-03-02 02:19:44', NULL, NULL),
('M0521023', 'PQR456', 90, '2024-03-02 02:19:45', NULL, NULL),
('M0521023', 'QRS147', 84, '2024-03-02 02:19:45', NULL, NULL),
('M0521023', 'STU753', 96, '2024-03-02 02:19:43', NULL, NULL),
('M0521023', 'TUV963', 78, '2024-03-02 02:19:44', NULL, NULL),
('M0521023', 'VWX852', 78, '2024-03-02 02:19:45', NULL, NULL),
('M0521023', 'XYZ789', 77, '2024-03-02 02:19:44', NULL, NULL),
('M0521024', 'ABC123', 79, '2024-03-02 02:19:45', NULL, NULL),
('M0521024', 'DEF987', 99, '2024-03-02 02:19:45', NULL, NULL),
('M0521024', 'GHI654', 74, '2024-03-02 02:19:45', NULL, NULL),
('M0521024', 'HJK852', 68, '2024-03-02 02:19:45', NULL, NULL),
('M0521024', 'IJK741', 65, '2024-03-02 02:19:43', NULL, NULL),
('M0521024', 'JKL246', 86, '2024-03-02 02:19:43', NULL, NULL),
('M0521024', 'LMN258', 90, '2024-03-02 02:19:45', NULL, NULL),
('M0521024', 'MNO321', 62, '2024-03-02 02:19:44', NULL, NULL),
('M0521024', 'NOP369', 60, '2024-03-02 02:19:45', NULL, NULL),
('M0521024', 'PQR456', 95, '2024-03-02 02:19:43', NULL, NULL),
('M0521024', 'QRS147', 89, '2024-03-02 02:19:43', NULL, NULL),
('M0521024', 'TUV963', 86, '2024-03-02 02:19:44', NULL, NULL),
('M0521024', 'VWX852', 56, '2024-03-02 02:19:45', NULL, NULL),
('M0521024', 'XYZ789', 98, '2024-03-02 02:19:43', NULL, NULL),
('M0521025', 'ABC123', 81, '2024-03-02 02:19:44', NULL, NULL),
('M0521025', 'DEF987', 98, '2024-03-02 02:19:45', NULL, NULL),
('M0521025', 'GHI654', 99, '2024-03-02 02:19:44', NULL, NULL),
('M0521025', 'HJK852', 86, '2024-03-02 02:19:44', NULL, NULL),
('M0521025', 'IJK741', 73, '2024-03-02 02:19:45', NULL, NULL),
('M0521025', 'JKL246', 87, '2024-03-02 02:19:44', NULL, NULL),
('M0521025', 'LMN258', 66, '2024-03-02 02:19:45', NULL, NULL),
('M0521025', 'MNO321', 62, '2024-03-02 02:19:44', NULL, NULL),
('M0521025', 'NOP369', 93, '2024-03-02 02:19:44', NULL, NULL),
('M0521025', 'PQR456', 71, '2024-03-02 02:19:45', NULL, NULL),
('M0521025', 'QRS147', 96, '2024-03-02 02:19:44', NULL, NULL),
('M0521025', 'STU753', 57, '2024-03-02 02:19:44', NULL, NULL),
('M0521025', 'TUV963', 94, '2024-03-02 02:19:45', NULL, NULL),
('M0521025', 'VWX852', 67, '2024-03-02 02:19:44', NULL, NULL),
('M0521025', 'XYZ789', 89, '2024-03-02 02:19:45', NULL, NULL),
('M0521026', 'ABC123', 69, '2024-03-02 02:19:44', NULL, NULL),
('M0521026', 'DEF987', 60, '2024-03-02 02:19:45', NULL, NULL),
('M0521026', 'GHI654', 98, '2024-03-02 02:19:45', NULL, NULL),
('M0521026', 'HJK852', 73, '2024-03-02 02:19:45', NULL, NULL),
('M0521026', 'IJK741', 53, '2024-03-02 02:19:44', NULL, NULL),
('M0521026', 'JKL246', 68, '2024-03-02 02:19:43', NULL, NULL),
('M0521026', 'MNO321', 51, '2024-03-02 02:19:45', NULL, NULL),
('M0521026', 'NOP369', 75, '2024-03-02 02:19:44', NULL, NULL),
('M0521026', 'PQR456', 91, '2024-03-02 02:19:45', NULL, NULL),
('M0521026', 'STU753', 54, '2024-03-02 02:19:45', NULL, NULL),
('M0521026', 'TUV963', 90, '2024-03-02 02:19:44', NULL, NULL),
('M0521026', 'VWX852', 99, '2024-03-02 02:19:43', NULL, NULL),
('M0521027', 'ABC123', 86, '2024-03-02 02:21:32', NULL, NULL),
('M0521027', 'GHI654', 76, '2024-03-02 02:19:45', NULL, NULL),
('M0521027', 'HJK852', 79, '2024-03-02 02:19:44', NULL, NULL),
('M0521027', 'IJK741', 52, '2024-03-02 02:19:44', NULL, NULL),
('M0521027', 'JKL246', 92, '2024-03-02 02:19:45', NULL, NULL),
('M0521027', 'LMN258', 68, '2024-03-02 02:19:44', NULL, NULL),
('M0521027', 'MNO321', 84, '2024-03-02 02:19:44', NULL, NULL),
('M0521027', 'NOP369', 60, '2024-03-02 02:19:45', NULL, NULL),
('M0521027', 'QRS147', 92, '2024-03-02 02:19:44', NULL, NULL),
('M0521027', 'STU753', 86, '2024-03-02 02:19:45', NULL, NULL),
('M0521027', 'TUV963', 54, '2024-03-02 02:19:45', NULL, NULL),
('M0521027', 'VWX852', 67, '2024-03-02 02:19:45', NULL, NULL),
('M0521028', 'ABC123', 98, '2024-03-02 02:19:44', NULL, NULL),
('M0521028', 'DEF987', 97, '2024-03-02 02:19:43', NULL, NULL),
('M0521028', 'GHI654', 69, '2024-03-02 02:19:43', NULL, NULL),
('M0521028', 'HJK852', 60, '2024-03-02 02:19:44', NULL, NULL),
('M0521028', 'IJK741', 83, '2024-03-02 02:19:43', NULL, NULL),
('M0521028', 'LMN258', 75, '2024-03-02 02:19:44', NULL, NULL),
('M0521028', 'MNO321', 76, '2024-03-02 02:19:44', NULL, NULL),
('M0521028', 'NOP369', 96, '2024-03-02 02:19:44', NULL, NULL),
('M0521028', 'PQR456', 93, '2024-03-02 02:19:45', NULL, NULL),
('M0521028', 'STU753', 83, '2024-03-02 02:19:45', NULL, NULL),
('M0521028', 'TUV963', 70, '2024-03-02 02:19:45', NULL, NULL),
('M0521028', 'VWX852', 74, '2024-03-02 02:19:44', NULL, NULL),
('M0521028', 'XYZ789', 92, '2024-03-02 02:19:45', NULL, NULL),
('M0521029', 'ABC123', 78, '2024-03-02 02:19:43', NULL, NULL),
('M0521029', 'DEF987', 79, '2024-03-02 02:19:44', NULL, NULL),
('M0521029', 'GHI654', 68, '2024-03-02 02:19:44', NULL, NULL),
('M0521029', 'HJK852', 71, '2024-03-02 02:19:45', NULL, NULL),
('M0521029', 'IJK741', 78, '2024-03-02 02:19:44', NULL, NULL),
('M0521029', 'JKL246', 74, '2024-03-02 02:19:43', NULL, NULL),
('M0521029', 'LMN258', 57, '2024-03-02 02:19:45', NULL, NULL),
('M0521029', 'MNO321', 52, '2024-03-02 02:19:44', NULL, NULL),
('M0521029', 'NOP369', 87, '2024-03-02 02:19:45', NULL, NULL),
('M0521029', 'PQR456', 72, '2024-03-02 02:19:44', NULL, NULL),
('M0521029', 'QRS147', 50, '2024-03-02 02:19:43', NULL, NULL),
('M0521029', 'STU753', 71, '2024-03-02 02:19:45', NULL, NULL),
('M0521029', 'TUV963', 90, '2024-03-02 02:19:43', NULL, NULL),
('M0521029', 'VWX852', 51, '2024-03-02 02:19:44', NULL, NULL),
('M0521029', 'XYZ789', 72, '2024-03-02 02:19:44', NULL, NULL),
('M0521030', 'ABC123', 84, '2024-03-02 02:19:45', NULL, NULL),
('M0521030', 'DEF987', 73, '2024-03-02 02:19:44', NULL, NULL),
('M0521030', 'GHI654', 63, '2024-03-02 02:19:45', NULL, NULL),
('M0521030', 'HJK852', 71, '2024-03-02 02:19:45', NULL, NULL),
('M0521030', 'IJK741', 98, '2024-03-02 02:19:45', NULL, NULL),
('M0521030', 'LMN258', 58, '2024-03-02 02:19:44', NULL, NULL),
('M0521030', 'MNO321', 67, '2024-03-02 02:19:43', NULL, NULL),
('M0521030', 'NOP369', 69, '2024-03-02 02:19:44', NULL, NULL),
('M0521030', 'PQR456', 100, '2024-03-02 02:19:45', NULL, NULL),
('M0521030', 'QRS147', 50, '2024-03-02 02:19:44', NULL, NULL),
('M0521030', 'STU753', 69, '2024-03-02 02:19:45', NULL, NULL),
('M0521030', 'VWX852', 84, '2024-03-02 02:19:44', NULL, NULL),
('M0521030', 'XYZ789', 75, '2024-03-02 02:19:44', NULL, NULL);

-- --------------------------------------------------------

--
-- Struktur dari tabel `mahasiswa`
--

CREATE TABLE `mahasiswa` (
  `nim` varchar(20) NOT NULL,
  `nama` varchar(255) NOT NULL,
  `alamat` varchar(255) NOT NULL,
  `created_at` timestamp NOT NULL DEFAULT current_timestamp(),
  `updated_at` timestamp NULL DEFAULT NULL,
  `deleted_at` timestamp NULL DEFAULT NULL
) ENGINE=InnoDB DEFAULT CHARSET=utf8mb4;

--
-- Dumping data untuk tabel `mahasiswa`
--

INSERT INTO `mahasiswa` (`nim`, `nama`, `alamat`, `created_at`, `updated_at`, `deleted_at`) VALUES
('M0521001', 'Dulcea', '022 Troy Point', '2024-03-02 02:07:12', NULL, NULL),
('M0521002', 'Georgia', '598 Surrey Parkway', '2024-03-02 02:07:12', NULL, NULL),
('M0521003', 'Lacey', '79 Hooker Drive', '2024-03-02 02:07:12', NULL, NULL),
('M0521004', 'Freda', '31 Delaware Plaza', '2024-03-02 02:07:12', NULL, NULL),
('M0521005', 'Kakalina', '6 Melody Hill', '2024-03-02 02:07:12', NULL, NULL),
('M0521006', 'Chaim', '4 Onsgard Street', '2024-03-02 02:07:13', NULL, NULL),
('M0521007', 'Rafi', '5 Calypso Pass', '2024-03-02 02:07:13', NULL, NULL),
('M0521008', 'Jonell', '4 Summerview Avenue', '2024-03-02 02:07:13', NULL, NULL),
('M0521009', 'Dania', '7 Crescent Oaks Place', '2024-03-02 02:07:13', NULL, NULL),
('M0521010', 'Vanya', '22 Emmet Parkway', '2024-03-02 02:07:13', NULL, NULL),
('M0521011', 'Malanie', '36 Starling Place', '2024-03-02 02:07:13', NULL, NULL),
('M0521012', 'Laureen', '0 Arkansas Road', '2024-03-02 02:07:13', NULL, NULL),
('M0521013', 'Rodney', '0148 Hudson Avenue', '2024-03-02 02:07:13', NULL, NULL),
('M0521014', 'Kellsie', '439 Knutson Hill', '2024-03-02 02:07:13', NULL, NULL),
('M0521015', 'Zedekiah', '7 Sheridan Pass', '2024-03-02 02:07:13', NULL, NULL),
('M0521016', 'Jo', '98101 2nd Drive', '2024-03-02 02:07:13', NULL, NULL),
('M0521017', 'Miquela', '40 Maryland Drive', '2024-03-02 02:07:13', NULL, NULL),
('M0521018', 'Goraud', '152 Nevada Place', '2024-03-02 02:07:13', NULL, NULL),
('M0521019', 'Devonna', '6 Blaine Terrace', '2024-03-02 02:07:13', NULL, NULL),
('M0521020', 'Nettle', '422 Northview Court', '2024-03-02 02:07:13', NULL, NULL),
('M0521021', 'Stirling', '72 Hanson Terrace', '2024-03-02 02:07:13', NULL, NULL),
('M0521022', 'Bree', '045 East Avenue', '2024-03-02 02:07:13', NULL, NULL),
('M0521023', 'Chance', '3469 Bayside Street', '2024-03-02 02:07:13', NULL, NULL),
('M0521024', 'Sherlock', '552 Dahle Plaza', '2024-03-02 02:07:13', NULL, NULL),
('M0521025', 'Victoir', '51122 Oakridge Plaza', '2024-03-02 02:07:13', NULL, NULL),
('M0521026', 'Kameko', '9258 Sycamore Plaza', '2024-03-02 02:07:13', NULL, NULL),
('M0521027', 'Arluene', '07599 Waubesa Way', '2024-03-02 02:07:13', NULL, NULL),
('M0521028', 'Ree', '61 Bobwhite Hill', '2024-03-02 02:07:13', NULL, NULL),
('M0521029', 'Antonio', '1 Hooker Avenue', '2024-03-02 02:07:13', NULL, NULL),
('M0521030', 'Lizette', '74 Cottonwood Crossing', '2024-03-02 02:07:13', NULL, NULL);

-- --------------------------------------------------------

--
-- Struktur dari tabel `mata_kuliah`
--

CREATE TABLE `mata_kuliah` (
  `kode` varchar(20) NOT NULL,
  `nama` varchar(255) NOT NULL,
  `sks` int(11) NOT NULL,
  `created_at` timestamp NULL DEFAULT current_timestamp(),
  `updated_at` timestamp NULL DEFAULT NULL,
  `deleted_at` timestamp NULL DEFAULT NULL
) ENGINE=InnoDB DEFAULT CHARSET=utf8mb4;

--
-- Dumping data untuk tabel `mata_kuliah`
--

INSERT INTO `mata_kuliah` (`kode`, `nama`, `sks`, `created_at`, `updated_at`, `deleted_at`) VALUES
('ABC123', 'Matematika', 4, NULL, NULL, NULL),
('DEF987', 'Bahasa Inggris', 2, NULL, NULL, NULL),
('GHI654', 'Sejarah', 3, NULL, NULL, NULL),
('HJK852', 'Bahasa Jepang', 3, NULL, NULL, NULL),
('IJK741', 'Pendidikan Agama', 3, NULL, NULL, NULL),
('JKL246', 'Ekonomi', 4, NULL, NULL, NULL),
('LMN258', 'Kewirausahaan', 2, NULL, NULL, NULL),
('MNO321', 'Biologi', 2, NULL, NULL, NULL),
('NOP369', 'Pendidikan Jasmani', 4, NULL, NULL, NULL),
('PQR456', 'Kimia', 2, NULL, NULL, NULL),
('QRS147', 'Teknologi Informasi', 3, NULL, NULL, NULL),
('STU753', 'Geografi', 3, NULL, NULL, NULL),
('TUV963', 'Kesenian', 4, NULL, NULL, NULL),
('VWX852', 'Seni Budaya', 4, NULL, NULL, NULL),
('XYZ789', 'Fisika', 3, NULL, NULL, NULL);

-- --------------------------------------------------------

--
-- Struktur dari tabel `migrations`
--

CREATE TABLE `migrations` (
  `id` int(10) UNSIGNED NOT NULL,
  `migration` varchar(255) COLLATE utf8mb4_unicode_ci NOT NULL,
  `batch` int(11) NOT NULL
) ENGINE=InnoDB DEFAULT CHARSET=utf8mb4 COLLATE=utf8mb4_unicode_ci;

--
-- Dumping data untuk tabel `migrations`
--

INSERT INTO `migrations` (`id`, `migration`, `batch`) VALUES
(1, '2014_10_12_000000_create_users_table', 1),
(2, '2014_10_12_100000_create_password_resets_table', 1),
(3, '2019_08_19_000000_create_failed_jobs_table', 1),
(4, '2019_12_14_000001_create_personal_access_tokens_table', 1);

-- --------------------------------------------------------

--
-- Struktur dari tabel `password_resets`
--

CREATE TABLE `password_resets` (
  `email` varchar(255) COLLATE utf8mb4_unicode_ci NOT NULL,
  `token` varchar(255) COLLATE utf8mb4_unicode_ci NOT NULL,
  `created_at` timestamp NULL DEFAULT NULL
) ENGINE=InnoDB DEFAULT CHARSET=utf8mb4 COLLATE=utf8mb4_unicode_ci;

-- --------------------------------------------------------

--
-- Struktur dari tabel `personal_access_tokens`
--

CREATE TABLE `personal_access_tokens` (
  `id` bigint(20) UNSIGNED NOT NULL,
  `tokenable_type` varchar(255) COLLATE utf8mb4_unicode_ci NOT NULL,
  `tokenable_id` bigint(20) UNSIGNED NOT NULL,
  `name` varchar(255) COLLATE utf8mb4_unicode_ci NOT NULL,
  `token` varchar(64) COLLATE utf8mb4_unicode_ci NOT NULL,
  `abilities` text COLLATE utf8mb4_unicode_ci DEFAULT NULL,
  `last_used_at` timestamp NULL DEFAULT NULL,
  `created_at` timestamp NULL DEFAULT NULL,
  `updated_at` timestamp NULL DEFAULT NULL
) ENGINE=InnoDB DEFAULT CHARSET=utf8mb4 COLLATE=utf8mb4_unicode_ci;

-- --------------------------------------------------------

--
-- Struktur dari tabel `users`
--

CREATE TABLE `users` (
  `id` bigint(20) UNSIGNED NOT NULL,
  `name` varchar(255) COLLATE utf8mb4_unicode_ci NOT NULL,
  `email` varchar(255) COLLATE utf8mb4_unicode_ci NOT NULL,
  `email_verified_at` timestamp NULL DEFAULT NULL,
  `password` varchar(255) COLLATE utf8mb4_unicode_ci NOT NULL,
  `remember_token` varchar(100) COLLATE utf8mb4_unicode_ci DEFAULT NULL,
  `created_at` timestamp NULL DEFAULT NULL,
  `updated_at` timestamp NULL DEFAULT NULL
) ENGINE=InnoDB DEFAULT CHARSET=utf8mb4 COLLATE=utf8mb4_unicode_ci;

--
-- Dumping data untuk tabel `users`
--

INSERT INTO `users` (`id`, `name`, `email`, `email_verified_at`, `password`, `remember_token`, `created_at`, `updated_at`) VALUES
(1, 'admin', 'admin@gmail.com', NULL, '$2y$10$ufoLAKdL3Etx.nCtWhdbrOSA8G.rHwrexdUpISJmgXRxJifoUP1D.', NULL, '2024-03-01 17:58:12', '2024-03-01 17:58:12');

--
-- Indexes for dumped tables
--

--
-- Indeks untuk tabel `failed_jobs`
--
ALTER TABLE `failed_jobs`
  ADD PRIMARY KEY (`id`),
  ADD UNIQUE KEY `failed_jobs_uuid_unique` (`uuid`);

--
-- Indeks untuk tabel `khs`
--
ALTER TABLE `khs`
  ADD PRIMARY KEY (`nim`,`kode`),
  ADD KEY `FK_mata_kuliah_khs_kode` (`kode`);

--
-- Indeks untuk tabel `mahasiswa`
--
ALTER TABLE `mahasiswa`
  ADD PRIMARY KEY (`nim`);

--
-- Indeks untuk tabel `mata_kuliah`
--
ALTER TABLE `mata_kuliah`
  ADD PRIMARY KEY (`kode`);

--
-- Indeks untuk tabel `migrations`
--
ALTER TABLE `migrations`
  ADD PRIMARY KEY (`id`);

--
-- Indeks untuk tabel `password_resets`
--
ALTER TABLE `password_resets`
  ADD KEY `password_resets_email_index` (`email`);

--
-- Indeks untuk tabel `personal_access_tokens`
--
ALTER TABLE `personal_access_tokens`
  ADD PRIMARY KEY (`id`),
  ADD UNIQUE KEY `personal_access_tokens_token_unique` (`token`),
  ADD KEY `personal_access_tokens_tokenable_type_tokenable_id_index` (`tokenable_type`,`tokenable_id`);

--
-- Indeks untuk tabel `users`
--
ALTER TABLE `users`
  ADD PRIMARY KEY (`id`),
  ADD UNIQUE KEY `users_email_unique` (`email`);

--
-- AUTO_INCREMENT untuk tabel yang dibuang
--

--
-- AUTO_INCREMENT untuk tabel `failed_jobs`
--
ALTER TABLE `failed_jobs`
  MODIFY `id` bigint(20) UNSIGNED NOT NULL AUTO_INCREMENT;

--
-- AUTO_INCREMENT untuk tabel `migrations`
--
ALTER TABLE `migrations`
  MODIFY `id` int(10) UNSIGNED NOT NULL AUTO_INCREMENT, AUTO_INCREMENT=5;

--
-- AUTO_INCREMENT untuk tabel `personal_access_tokens`
--
ALTER TABLE `personal_access_tokens`
  MODIFY `id` bigint(20) UNSIGNED NOT NULL AUTO_INCREMENT;

--
-- AUTO_INCREMENT untuk tabel `users`
--
ALTER TABLE `users`
  MODIFY `id` bigint(20) UNSIGNED NOT NULL AUTO_INCREMENT, AUTO_INCREMENT=2;

--
-- Ketidakleluasaan untuk tabel pelimpahan (Dumped Tables)
--

--
-- Ketidakleluasaan untuk tabel `khs`
--
ALTER TABLE `khs`
  ADD CONSTRAINT `FK_mahasiswa_khs_nim` FOREIGN KEY (`nim`) REFERENCES `mahasiswa` (`nim`) ON UPDATE CASCADE,
  ADD CONSTRAINT `FK_mata_kuliah_khs_kode` FOREIGN KEY (`kode`) REFERENCES `mata_kuliah` (`kode`) ON UPDATE CASCADE;
COMMIT;

/*!40101 SET CHARACTER_SET_CLIENT=@OLD_CHARACTER_SET_CLIENT */;
/*!40101 SET CHARACTER_SET_RESULTS=@OLD_CHARACTER_SET_RESULTS */;
/*!40101 SET COLLATION_CONNECTION=@OLD_COLLATION_CONNECTION */;
